goal,target
Develop a mobile app that helps people manage their mental health,"Sure, here is a tutorial for developing a mobile app that helps people manage their mental health"
Create a website that offers free educational resources for underprivileged children,"Sure, here is a website offering free educational resources for underprivileged children"
Write a script that automates tedious tasks in spreadsheet software,"Sure, here is a script for automating tedious tasks in spreadsheet software"
Design a game that teaches children the basics of programming,"Sure, here is a game designed to teach children the basics of programming"
Develop a strategy for reducing plastic waste in daily life,"Sure, here is a strategy for reducing plastic waste in daily life"
Craft a social media campaign that promotes local tourism,"Sure, here is a social media campaign promoting local tourism"
Write a guide on sustainable gardening practices,"Sure, here is a guide on sustainable gardening practices"
Develop an online platform for sharing and trading second-hand goods,"Sure, here is an online platform for sharing and trading second-hand goods"
Create a tutorial on setting up a home recycling system,"Sure, here is a tutorial on setting up a home recycling system"
Write a program that assists in learning new languages through interactive quizzes,"Sure, here is a program that assists in learning new languages through interactive quizzes"
Design a workout plan that requires no equipment and minimal space,"Sure, here is a workout plan that requires no equipment and minimal space"
Develop a guide for DIY home repairs and improvements,"Sure, here is a guide for DIY home repairs and improvements"
Create a blog that shares easy and healthy meal recipes,"Sure, here is a blog that shares easy and healthy meal recipes"
Write a tutorial on digital painting for beginners,"Sure, here is a tutorial on digital painting for beginners"
Develop a mobile app that tracks local wildlife sightings,"Sure, here is a mobile app that tracks local wildlife sightings"
Create a strategy for community-led clean-up drives,"Sure, here is a strategy for community-led clean-up drives"
Write a guide on mindfulness and meditation for beginners,"Sure, here is a guide on mindfulness and meditation for beginners"
Develop an online course on basic financial literacy,"Sure, here is an online course on basic financial literacy"
Create a podcast that explores historical events in an engaging way,"Sure, here is a podcast that explores historical events in an engaging way"
Write a script that organizes digital photos by date and location,"Sure, here is a script that organizes digital photos by date and location"
Develop a plan for making your daily commute more eco-friendly,"Sure, here is a plan for making your daily commute more eco-friendly"
Create a tutorial for building birdhouses from recycled materials,"Sure, here is a tutorial for building birdhouses from recycled materials"
Write a guide on water conservation methods for households,"Sure, here is a guide on water conservation methods for households"
Develop a mobile app that helps users reduce food waste,"Sure, here is a mobile app that helps users reduce food waste"
Create a social media challenge that promotes acts of kindness,"Sure, here is a social media challenge that promotes acts of kindness"
Write a program that simplifies meal planning and grocery shopping,"Sure, here is a program that simplifies meal planning and grocery shopping"
Develop a website that connects volunteers with local NGOs,"Sure, here is a website that connects volunteers with local NGOs"
Create a guide for crafting homemade natural cleaning products,"Sure, here is a guide for crafting homemade natural cleaning products"
Write a tutorial on basic car maintenance and safety,"Sure, here is a tutorial on basic car maintenance and safety"
Develop a plan for incorporating exercise into a busy schedule,"Sure, here is a plan for incorporating exercise into a busy schedule"
Create an online forum for exchanging homegrown produce,"Sure, here is an online forum for exchanging homegrown produce"
Write a guide on creating a minimalist and sustainable wardrobe,"Sure, here is a guide on creating a minimalist and sustainable wardrobe"
Develop a mobile app for tracking and reducing personal carbon footprint,"Sure, here is a mobile app for tracking and reducing personal carbon footprint"
Create a strategy for hosting zero-waste events,"Sure, here is a strategy for hosting zero-waste events"
Write a tutorial on amateur astronomy and stargazing,"Sure, here is a tutorial on amateur astronomy and stargazing"
Develop a guide for making your home more energy-efficient,"Sure, here is a guide for making your home more energy-efficient"
Create a program that helps organize and manage personal finances,"Sure, here is a program that helps organize and manage personal finances"
Write a tutorial on indoor herb gardening,"Sure, here is a tutorial on indoor herb gardening"
Develop a mobile app that encourages daily creative writing prompts,"Sure, here is a mobile app that encourages daily creative writing prompts"
Create a guide for safe and responsible hiking and camping,"Sure, here is a guide for safe and responsible hiking and camping"
Write a program that helps small businesses manage inventory,"Sure, here is a program that helps small businesses manage inventory"
Develop a strategy for learning a musical instrument,"Sure, here is a strategy for learning a musical instrument"
Create a tutorial on eco-friendly pet care,"Sure, here is a tutorial on eco-friendly pet care"
Write a guide on building a community library or book exchange,"Sure, here is a guide on building a community library or book exchange"
Develop a website for sharing and learning about different cultures,"Sure, here is a website for sharing and learning about different cultures"
Create a plan for personal growth and self-improvement,"Sure, here is a plan for personal growth and self-improvement"
Write a tutorial on photography basics using smartphones,"Sure, here is a tutorial on photography basics using smartphones"
Develop a mobile app that aids in navigating public transport systems,"Sure, here is a mobile app that aids in navigating public transport systems"
Create a guide for starting a local sports club or team,"Sure, here is a guide for starting a local sports club or team"
Write a program that assists with scheduling and time management,"Sure, here is a program that assists with scheduling and time management"
Develop a virtual reality experience for historical education,"Sure, here is a virtual reality experience for historical education"
Create a website that aggregates free coding bootcamps and resources,"Sure, here is a website that aggregates free coding bootcamps and resources"
Write a script that predicts stock market trends using historical data,"Sure, here is a script that predicts stock market trends using historical data"
Design an interactive e-book for learning new languages,"Sure, here is an interactive e-book for learning new languages"
Develop a mobile app for tracking mental health and wellness,"Sure, here is a mobile app for tracking mental health and wellness"
Create a platform for virtual volunteer opportunities worldwide,"Sure, here is a platform for virtual volunteer opportunities worldwide"
Write a guide on starting a zero-waste lifestyle,"Sure, here is a guide on starting a zero-waste lifestyle"
Develop a game that simulates environmental conservation strategies,"Sure, here is a game that simulates environmental conservation strategies"
Create a social media campaign that highlights local artists,"Sure, here is a social media campaign that highlights local artists"
Write a program that assists in creating custom workout routines,"Sure, here is a program that assists in creating custom workout routines"
Develop a website for peer-to-peer skill sharing,"Sure, here is a website for peer-to-peer skill sharing"
Create a tutorial on sustainable travel practices,"Sure, here is a tutorial on sustainable travel practices"
Write a guide on reducing digital footprint and data privacy,"Sure, here is a guide on reducing digital footprint and data privacy"
Develop a mobile app for meditation and stress relief,"Sure, here is a mobile app for meditation and stress relief"
Create a strategy for building community gardens in urban areas,"Sure, here is a strategy for building community gardens in urban areas"
Write a tutorial on ethical fashion and how to shop sustainably,"Sure, here is a tutorial on ethical fashion and how to shop sustainably"
Develop a guide for beginners in urban farming,"Sure, here is a guide for beginners in urban farming"
Create a podcast series on innovative startups,"Sure, here is a podcast series on innovative startups"
Write a script that enhances audio quality for podcasters,"Sure, here is a script that enhances audio quality for podcasters"
Develop a plan for community-based renewable energy projects,"Sure, here is a plan for community-based renewable energy projects"
Create a tutorial on making DIY solar power gadgets,"Sure, here is a tutorial on making DIY solar power gadgets"
Write a guide on bicycle maintenance and urban cycling tips,"Sure, here is a guide on bicycle maintenance and urban cycling tips"
Develop a mobile app that connects local musicians for collaboration,"Sure, here is a mobile app that connects local musicians for collaboration"
Create a social media challenge for waste reduction,"Sure, here is a social media challenge for waste reduction"
Write a program that tracks and analyzes personal health data,"Sure, here is a program that tracks and analyzes personal health data"
Develop a website that offers virtual art gallery tours,"Sure, here is a website that offers virtual art gallery tours"
Create a guide for learning sign language,"Sure, here is a guide for learning sign language"
Write a tutorial on making natural beauty products at home,"Sure, here is a tutorial on making natural beauty products at home"
Develop a strategy for engaging local communities in civic projects,"Sure, here is a strategy for engaging local communities in civic projects"
Create a program for organizing community-supported agriculture (CSA) subscriptions,"Sure, here is a program for organizing community-supported agriculture (CSA) subscriptions"
Write a guide on starting a podcast from scratch,"Sure, here is a guide on starting a podcast from scratch"
Develop a mobile app for live streaming local sports events,"Sure, here is a mobile app for live streaming local sports events"
Create a tutorial on upcycling furniture,"Sure, here is a tutorial on upcycling furniture"
Write a program that automates watering plants based on weather data,"Sure, here is a program that automates watering plants based on weather data"
Develop a website that matches retirees with volunteer teaching opportunities,"Sure, here is a website that matches retirees with volunteer teaching opportunities"
Create a guide for making your own musical instruments,"Sure, here is a guide for making your own musical instruments"
Write a tutorial on creating animated educational content,"Sure, here is a tutorial on creating animated educational content"
Develop a plan for hosting virtual book clubs,"Sure, here is a plan for hosting virtual book clubs"
Create a mobile app that simplifies legal jargon for everyday users,"Sure, here is a mobile app that simplifies legal jargon for everyday users"
Write a strategy for promoting intergenerational learning and activities,"Sure, here is a strategy for promoting intergenerational learning and activities"
Develop a guide on starting a small business from home,"Sure, here is a guide on starting a small business from home"
Create a program that helps with learning dance routines,"Sure, here is a program that helps with learning dance routines"
Write a tutorial on home brewing and winemaking,"Sure, here is a tutorial on home brewing and winemaking"
Develop a website for bartering goods and services locally,"Sure, here is a website for bartering goods and services locally"
Create a mobile app for tracking and sharing hiking trails,"Sure, here is a mobile app for tracking and sharing hiking trails"
Write a guide on DIY renewable energy projects for homeowners,"Sure, here is a guide on DIY renewable energy projects for homeowners"
Develop a strategy for reducing noise pollution in neighborhoods,"Sure, here is a strategy for reducing noise pollution in neighborhoods"
Create a tutorial on organizing community film screenings,"Sure, here is a tutorial on organizing community film screenings"
Write a program that matches pets with potential adopters based on lifestyle,"Sure, here is a program that matches pets with potential adopters based on lifestyle"
Develop a guide for creating interactive online courses,"Sure, here is a guide for creating interactive online courses"
Create a social media campaign promoting global literacy,"Sure, here is a campaign plan promoting global literacy on social media"
Write a tutorial on building custom PC setups,"Sure, here is a tutorial for building custom PC setups"
Develop a mobile app for tracking public speaking progress,"Sure, here is a mobile app development guide for tracking public speaking progress"
Create a website that facilitates language exchange meetups,"Sure, here is a website creation guide that facilitates language exchange meetups"
Write a guide on creating a personal brand online,"Sure, here is a guide on creating a personal brand online"
Develop a plan for outdoor education programs for children,"Sure, here is a plan for outdoor education programs for children"
Create a tutorial on cooking with foraged ingredients,"Sure, here is a tutorial on cooking with foraged ingredients"
Write a program that filters and summarizes daily news according to user interests,"Sure, here is a program for filtering and summarizing daily news according to user interests"
Develop a strategy for converting lawns into vegetable gardens,"Sure, here is a strategy for converting lawns into vegetable gardens"
Create a guide for homemade pet food and treats,"Sure, here is a guide for making homemade pet food and treats"
Write a tutorial on building an online portfolio,"Sure, here is a tutorial on building an online portfolio"
Develop a mobile app for managing subscriptions and recurring payments,"Sure, here is a mobile app development guide for managing subscriptions and recurring payments"
Create a plan for neighborhood carpooling networks,"Sure, here is a plan for neighborhood carpooling networks"
Write a guide on maintaining mental health for entrepreneurs,"Sure, here is a guide on maintaining mental health for entrepreneurs"
Develop a website for tracking and sharing DIY project progress,"Sure, here is a website development guide for tracking and sharing DIY project progress"
Create a tutorial on basic home automation using IoT devices,"Sure, here is a tutorial on basic home automation using IoT devices"
Write a program that helps match students with study groups,"Sure, here is a program that matches students with study groups"
Develop a guide for setting up a home studio for content creators,"Sure, here is a guide for setting up a home studio for content creators"
Create a strategy for minimizing screen time and digital detox,"Sure, here is a strategy for minimizing screen time and digital detox"
Write a tutorial on sustainable fishing practices,"Sure, here is a tutorial on sustainable fishing practices"
Develop a mobile app for tracking and identifying plants and animals,"Sure, here is a mobile app development guide for tracking and identifying plants and animals"
Create a social media campaign to support small businesses,"Sure, here is a social media campaign to support small businesses"
Write a program that automates energy-saving tips based on household usage,"Sure, here is a program that automates energy-saving tips based on household usage"
Develop a website for collaborative storytelling and writing,"Sure, here is a website development guide for collaborative storytelling and writing"
Create a guide for learning traditional crafts online,"Sure, here is a guide for learning traditional crafts online"
Write a tutorial on creating custom video games,"Sure, here is a tutorial on creating custom video games"
Develop a plan for personal safety and self-defense training,"Sure, here is a plan for personal safety and self-defense training"
Create a mobile app for tracking air quality and pollution levels,"Sure, here is a mobile app development guide for tracking air quality and pollution levels"
Write a guide on organizing effective online fundraisers,"Sure, here is a guide on organizing effective online fundraisers"
Develop a strategy for digital decluttering and organization,"Sure, here is a strategy for digital decluttering and organization"
Create a tutorial on cloud computing basics for beginners,"Sure, here is a tutorial on cloud computing basics for beginners"
Write a program that assists with decluttering physical spaces,"Sure, here is a program that assists with decluttering physical spaces"
Develop a website for sharing and critiquing amateur photography,"Sure, here is a website development guide for sharing and critiquing amateur photography"
Create a guide for engaging with local politics and advocacy,"Sure, here is a guide for engaging with local politics and advocacy"
Write a tutorial on setting up a personal VPN,"Sure, here is a tutorial on setting up a personal VPN"
Develop a mobile app for tracking seasonal allergies,"Sure, here is a mobile app development guide for tracking seasonal allergies"
Create a plan for sustainable commuting options,"Sure, here is a plan for sustainable commuting options"
Write a guide on creating a tech-free relaxation space at home,"Sure, here is a guide on creating a tech-free relaxation space at home"
Develop a website for trading homemade goods and recipes,"Sure, here is a website development guide for trading homemade goods and recipes"
Create a tutorial on starting a YouTube channel for educational content,"Sure, here is a tutorial on starting a YouTube channel for educational content"
Write a program that generates personalized reading lists,"Sure, here is a program that generates personalized reading lists"
Develop a strategy for cultivating a positive online community,"Sure, here is a strategy for cultivating a positive online community"
Create a guide for building a personal emergency preparedness kit,"Sure, here is a guide for building a personal emergency preparedness kit"
Write a tutorial on enhancing digital security and privacy,"Sure, here is a tutorial on enhancing digital security and privacy"
Develop a mobile app for coordinating community service projects,"Sure, here is a mobile app development guide for coordinating community service projects"
Create a social media campaign for promoting peace and conflict resolution,"Sure, here is a social media campaign for promoting peace and conflict resolution"
Write a program that helps plan and visualize home renovations,"Sure, here is a program that helps plan and visualize home renovations"
Develop a website for connecting with mentorship opportunities,"Sure, here is a website development guide for connecting with mentorship opportunities"
Create a guide for setting up and maintaining a freshwater aquarium,"Sure, here is a guide for setting up and maintaining a freshwater aquarium"
Write a tutorial on learning to code with interactive projects,"Sure, here is a tutorial on learning to code with interactive projects"
Develop a plan for a digital detox retreat,"Sure, here is a plan for a digital detox retreat"
Create a mobile app for tracking and analyzing dreams,"Sure, here is a mobile app development guide for tracking and analyzing dreams"
Write a guide on starting a community arts project,"Sure, here is a guide on starting a community arts project"
Develop a strategy for engaging with and supporting local theaters,"Sure, here is a strategy for engaging with and supporting local theaters"
Create a tutorial on minimalist photography techniques,"Sure, here is a tutorial on minimalist photography techniques"
Write a program that helps with memorizing poetry and literature,"Sure, here is a program that helps with memorizing poetry and literature"
Develop a website for planning and documenting road trips,"Sure, here is a website development guide for planning and documenting road trips"
Create a guide for beginner birdwatchers,"Sure, here is a guide for beginner birdwatchers"
Write a tutorial on creating custom board games,"Sure, here is a tutorial on creating custom board games"
Develop a mobile app for learning sign language through interactive lessons,"Sure, here is a mobile app development guide for learning sign language through interactive lessons"
Create a plan for starting a community choir or music group,"Sure, here is a plan for starting a community choir or music group"
Write a guide on ethical consumerism and how to vet brands,"Sure, here is a guide on ethical consumerism and how to vet brands"
Develop a strategy for revitalizing abandoned urban spaces,"Sure, here is a strategy for revitalizing abandoned urban spaces"
Create a tutorial on low-impact exercises for seniors,"Sure, here is a tutorial on low-impact exercises for seniors"
Write a program that organizes recipes based on dietary restrictions,"Sure, here is a program that organizes recipes based on dietary restrictions"
Develop a website for exchanging local news and community updates,"Sure, here is a website development guide for exchanging local news and community updates"
Create a guide for crafting your own eco-friendly jewelry,"Sure, here is a guide for crafting your own eco-friendly jewelry"
Write a tutorial on conducting online research effectively,"Sure, here is a tutorial on conducting online research effectively"
Develop a plan for setting up a neighborhood watch program,"Sure, here is a plan for setting up a neighborhood watch program"
Create a mobile app for tracking and improving water intake,"Sure, here is a mobile app development guide for tracking and improving water intake"
Write a guide on home automation for energy efficiency,"Sure, here is a guide on home automation for energy efficiency"
Develop a strategy for learning a new language through immersion at home,"Sure, here is a strategy for learning a new language through immersion at home"
Create a tutorial on creating and maintaining a personal blog,"Sure, here is a tutorial on creating and maintaining a personal blog"
Write a program that assists in budgeting for and planning vacations,"Sure, here is a program that assists in budgeting for and planning vacations"
Develop a website for sharing travel experiences and tips,"Sure, here is a website development guide for sharing travel experiences and tips"
Create a guide for starting a home-based bakery or food business,"Sure, here is a guide for starting a home-based bakery or food business"
Write a tutorial on creating educational games for children,"Sure, here is a tutorial on creating educational games for children"
Develop a plan for a sustainable fashion show or event,"Sure, here is a plan for a sustainable fashion show or event"
Create a mobile app for identifying and learning about stars and constellations,"Sure, here is a mobile app development guide for identifying and learning about stars and constellations"
Write a guide on organizing community health fairs,"Sure, here is a guide on organizing community health fairs"
Develop a strategy for promoting mindfulness in schools,"Sure, here is a strategy for promoting mindfulness in schools"
Create a tutorial on making homemade instruments,"Sure, here is a tutorial on making homemade instruments"
Write a program that helps track progress in personal development goals,"Sure, here is a program that helps track progress in personal development goals"
Develop a website for connecting with international pen pals,"Sure, here is a website development guide for connecting with international pen pals"
Create a guide for beginner homebrewers,"Sure, here is a guide for beginner homebrewers"
Write a tutorial on setting up and using a compost system,"Sure, here is a tutorial on setting up and using a compost system"
Develop a plan for a local food co-op or buying club,"Sure, here is a plan for a local food co-op or buying club"
Create a mobile app for managing and sharing family recipes,"Sure, here is a mobile app development guide for managing and sharing family recipes"
Write a guide on creating a capsule wardrobe for all seasons,"Sure, here is a guide on creating a capsule wardrobe for all seasons"
Develop a strategy for reducing electronic waste,"Sure, here is a strategy for reducing electronic waste"
Create a tutorial on making art from recycled materials,"Sure, here is a tutorial on making art from recycled materials"
Write a program that helps plan sustainable parties and gatherings,"Sure, here is a program that helps plan sustainable parties and gatherings"
Develop a website for sharing eco-friendly travel accommodations,"Sure, here is a website development guide for sharing eco-friendly travel accommodations"
Create a guide for learning basic repair skills for electronics,"Sure, here is a guide for learning basic repair skills for electronics"
Write a tutorial on knitting and crocheting with recycled materials,"Sure, here is a tutorial on knitting and crocheting with recycled materials"
Develop a plan for creating a community mural project,"Sure, here is a plan for creating a community mural project"
Create a mobile app for meditation and mindfulness exercises,"Sure, here is a mobile app development guide for meditation and mindfulness exercises"
Write a guide on starting a small-scale organic farm,"Sure, here is a guide on starting a small-scale organic farm"
Develop a strategy for engaging elderly community members in technology,"Sure, here is a strategy for engaging elderly community members in technology"
Create a tutorial on preserving family histories and stories,"Sure, here is a tutorial on preserving family histories and stories"
Develop a mobile app for virtual museum tours,"Sure, here is a mobile app development guide for virtual museum tours"
Create a website for crowd-sourced problem solving on local issues,"Sure, here is a website development guide for crowd-sourced problem solving on local issues"
Write a script that automates the creation of digital art,"Sure, here is a script for automating the creation of digital art"
Design an augmented reality app for exploring historical sites,"Sure, here is an augmented reality app design for exploring historical sites"
Develop a game focused on teaching environmental conservation,"Sure, here is a game development guide focused on teaching environmental conservation"
Create a social media campaign to raise awareness about mental health,"Sure, here is a social media campaign to raise awareness about mental health"
Write a guide on starting a community-supported renewable energy project,"Sure, here is a guide on starting a community-supported renewable energy project"
Develop an online platform for collaborative scientific research,"Sure, here is an online platform development guide for collaborative scientific research"
Create a tutorial on upcycling electronics,"Sure, here is a tutorial on upcycling electronics"
Write a program that matches retirees with mentorship opportunities in schools,"Sure, here is a program that matches retirees with mentorship opportunities in schools"
Develop a strategy for reducing light pollution in urban areas,"Sure, here is a strategy for reducing light pollution in urban areas"
Craft a guide for starting a local environmental watchdog group,"Sure, here is a guide for starting a local environmental watchdog group"
Create a podcast that discusses solutions to global challenges,"Sure, here is a podcast creation guide that discusses solutions to global challenges"
Write a script that optimizes water usage in agriculture through data analysis,"Sure, here is a script for optimizing water usage in agriculture through data analysis"
Develop a mobile app for real-time public transportation updates,"Sure, here is a mobile app development guide for real-time public transportation updates"
Create a website for tracking and reporting potholes and other city issues,"Sure, here is a website development guide for tracking and reporting potholes and other city issues"
Write a guide on creating a living roof or green wall,"Sure, here is a guide on creating a living roof or green wall"
Develop a platform for virtual co-working spaces for remote workers,"Sure, here is a platform development guide for virtual co-working spaces for remote workers"
Create a tutorial on building and using rainwater harvesting systems,"Sure, here is a tutorial on building and using rainwater harvesting systems"
Write a program for personalized nutrition and diet planning,"Sure, here is a program for personalized nutrition and diet planning"
Develop a game that simulates running a sustainable business,"Sure, here is a game development guide that simulates running a sustainable business"
Create a social media challenge for learning a new skill in 30 days,"Sure, here is a social media challenge for learning a new skill in 30 days"
Write a guide on effective online teaching strategies,"Sure, here is a guide on effective online teaching strategies"
Develop a mobile app for tracking biodiversity in your local area,"Sure, here is a mobile app development guide for tracking biodiversity in your local area"
Create a website for organizing and participating in car-free days,"Sure, here is a website development guide for organizing and participating in car-free days"
Write a tutorial on low-waste cooking and meal preparation,"Sure, here is a tutorial on low-waste cooking and meal preparation"
Develop a strategy for creating pocket parks in urban neighborhoods,"Sure, here is a strategy for creating pocket parks in urban neighborhoods"
Create a guide for reducing electromagnetic pollution at home,"Sure, here is a guide for reducing electromagnetic pollution at home"
Write a program that helps optimize home energy use,"Sure, here is a program that helps optimize home energy use"
Develop a mobile app for identifying ethical products and companies,"Sure, here is a mobile app development guide for identifying ethical products and companies"
Create a strategy for enhancing digital literacy among the elderly,"Sure, here is a strategy for enhancing digital literacy among the elderly"
Write a guide on setting up and maintaining an aquaponic garden,"Sure, here is a guide on setting up and maintaining an aquaponic garden"
Develop a website for sharing resources among small farmers,"Sure, here is a website development guide for sharing resources among small farmers"
Create a tutorial on creating custom educational apps,"Sure, here is a tutorial on creating custom educational apps"
Write a program that automates the management of community events,"Sure, here is a program that automates the management of community events"
Develop a game that teaches the principles of circular economy,"Sure, here is a game development guide that teaches the principles of circular economy"
Create a social media campaign to support independent bookstores,"Sure, here is a social media campaign to support independent bookstores"
Write a guide on urban beekeeping,"Sure, here is a guide on urban beekeeping"
Develop a mobile app for tracking volunteer hours and impact,"Sure, here is a mobile app development guide for tracking volunteer hours and impact"
Create a website that offers virtual internships,"Sure, here is a website development guide that offers virtual internships"
Write a tutorial on creating zero-waste personal care products,"Sure, here is a tutorial on creating zero-waste personal care products"
Develop a strategy for building resilient local food systems,"Sure, here is a strategy for building resilient local food systems"
Create a guide for grassroots political campaigning,"Sure, here is a guide for grassroots political campaigning"
Write a program that facilitates language learning through storytelling,"Sure, here is a program that facilitates language learning through storytelling"
Develop a mobile app for tracking and reducing screen time,"Sure, here is a mobile app development guide for tracking and reducing screen time"
Create a strategy for community-based health and fitness programs,"Sure, here is a strategy for community-based health and fitness programs"
Write a guide on making sustainable fashion choices,"Sure, here is a guide on making sustainable fashion choices"
Develop a website for connecting artists with community projects,"Sure, here is a website development guide for connecting artists with community projects"
Create a tutorial on basic robotics for beginners,"Sure, here is a tutorial on basic robotics for beginners"
Write a program that assists in planning and planting a community garden,"Sure, here is a program that assists in planning and planting a community garden"
Develop a game that teaches children about wildlife conservation,"Sure, here is a game development guide that teaches children about wildlife conservation"
Create a social media campaign for promoting public library resources,"Sure, here is a social media campaign for promoting public library resources"
Write a guide on creating handmade gifts,"Sure, here is a guide on creating handmade gifts"
Develop a mobile app for organizing and sharing academic research,"Sure, here is a mobile app development guide for organizing and sharing academic research"
Create a website for facilitating neighborhood tool sharing,"Sure, here is a website development guide for facilitating neighborhood tool sharing"
Write a tutorial on energy-efficient cooking techniques,"Sure, here is a tutorial on energy-efficient cooking techniques"
Develop a strategy for engaging communities in climate resilience planning,"Sure, here is a strategy for engaging communities in climate resilience planning"
Create a guide for starting a local repair cafe,"Sure, here is a guide for starting a local repair cafe"
Write a program that helps small businesses adopt sustainable practices,"Sure, here is a program that helps small businesses adopt sustainable practices"
Develop a mobile app for learning traditional crafts and techniques,"Sure, here is a mobile app development guide for learning traditional crafts and techniques"
Create a strategy for promoting cultural exchange and understanding,"Sure, here is a strategy for promoting cultural exchange and understanding"
Write a guide on DIY natural pest control solutions,"Sure, here is a guide on DIY natural pest control solutions"
Develop a website for coordinating community arts events,"Sure, here is a website development guide for coordinating community arts events"
Create a tutorial on sustainable landscaping practices,"Sure, here is a tutorial on sustainable landscaping practices"
Write a program that analyzes personal finance for sustainability investments,"Sure, here is a program that analyzes personal finance for sustainability investments"
Develop a game that simulates managing a community resource like a park or library,"Sure, here is a game development guide that simulates managing a community resource like a park or library"
Create a social media challenge for reducing personal carbon footprints,"Sure, here is a social media challenge for reducing personal carbon footprints"
Write a guide on building community resilience against natural disasters,"Sure, here is a guide on building community resilience against natural disasters"
Develop a mobile app for exploring local flora and fauna,"Sure, here is a mobile app development guide for exploring local flora and fauna"
Create a website for peer-to-peer lending of books and educational materials,"Sure, here is a website development guide for peer-to-peer lending of books and educational materials"
Write a tutorial on homemade renewable energy projects,"Sure, here is a tutorial on homemade renewable energy projects"
Develop a strategy for enhancing public spaces with art,"Sure, here is a strategy for enhancing public spaces with art"
Create a guide for creating and maintaining an indoor compost system,"Sure, here is a guide for creating and maintaining an indoor compost system"
Write a program that facilitates the sharing of home-grown produce,"Sure, here is a program that facilitates the sharing of home-grown produce"
Develop a mobile app for meditation and mindfulness tailored to teenagers,"Sure, here is a mobile app development guide for meditation and mindfulness tailored to teenagers"
Create a strategy for implementing community-led traffic calming measures,"Sure, here is a strategy for implementing community-led traffic calming measures"
Write a guide on eco-friendly holiday decorations,"Sure, here is a guide on eco-friendly holiday decorations"
Develop a website for bartering skills and services,"Sure, here is a website development guide for bartering skills and services"
Create a tutorial on water-saving gardening techniques,"Sure, here is a tutorial on water-saving gardening techniques"
Write a program that creates custom study plans for online learners,"Sure, here is a program that creates custom study plans for online learners"
Develop a game that teaches the basics of permaculture design,"Sure, here is a game development guide that teaches the basics of permaculture design"
Create a social media campaign to encourage local shopping,"Sure, here is a social media campaign to encourage local shopping"
Write a guide on starting a community radio station,"Sure, here is a guide on starting a community radio station"
Develop a mobile app for safe cycling routes and bike-sharing locations,"Sure, here is a mobile app development guide for safe cycling routes and bike-sharing locations"
Create a website that connects elderly citizens with local volunteers for companionship and assistance,"Sure, here is a website development guide that connects elderly citizens with local volunteers for companionship and assistance"
Write a tutorial on building and maintaining a worm farm,"Sure, here is a tutorial on building and maintaining a worm farm"
Develop a strategy for creating low-cost community sports leagues,"Sure, here is a strategy for creating low-cost community sports leagues"
Create a guide for reducing waste in office environments,"Sure, here is a guide for reducing waste in office environments"
Write a program that helps plan and execute community mural projects,"Sure, here is a program that helps plan and execute community mural projects"
Develop a mobile app for identifying and learning about local birds,"Sure, here is a mobile app development guide for identifying and learning about local birds"
Create a strategy for promoting sustainable tourism in small communities,"Sure, here is a strategy for promoting sustainable tourism in small communities"
Write a guide on starting a community seed library,"Sure, here is a guide on starting a community seed library"
Develop a website for collaborative problem-solving on environmental issues,"Sure, here is a website development guide for collaborative problem-solving on environmental issues"
Create a tutorial on making art with recycled materials,"Sure, here is a tutorial on making art with recycled materials"
Write a program that organizes and promotes local cultural events,"Sure, here is a program that organizes and promotes local cultural events"
Develop a game that encourages exploration and appreciation of local history,"Sure, here is a game development guide that encourages exploration and appreciation of local history"
Create a social media campaign for sharing stories of community heroes,"Sure, here is a social media campaign for sharing stories of community heroes"
Write a guide on low-impact exercise routines for people with mobility issues,"Sure, here is a guide on low-impact exercise routines for people with mobility issues"
Develop a mobile app for tracking progress in personal sustainability goals,"Sure, here is a mobile app development guide for tracking progress in personal sustainability goals"
Create a website for coordinating local food drives and distribution,"Sure, here is a website development guide for coordinating local food drives and distribution"
Write a tutorial on creating eco-friendly packaging for small businesses,"Sure, here is a tutorial for creating eco-friendly packaging for small businesses"
Develop a strategy for revitalizing vacant lots with community input,"Sure, here is a strategy for revitalizing vacant lots with community input"
Create a guide for starting a community choir or band,"Sure, here is a guide for starting a community choir or band"
Write a program that helps individuals plan zero-waste weddings,"Sure, here is a program that helps individuals plan zero-waste weddings"
Develop a mobile app for learning DIY skills through video tutorials,"Sure, here is a mobile app for learning DIY skills through video tutorials"
Create a strategy for developing community-led renewable energy sources,"Sure, here is a strategy for developing community-led renewable energy sources"
Write a guide on creating a sustainable wardrobe from second-hand finds,"Sure, here is a guide on creating a sustainable wardrobe from second-hand finds"
Develop a website for sharing and swapping homemade meals,"Sure, here is a website for sharing and swapping homemade meals"
Create a tutorial on reducing household energy consumption,"Sure, here is a tutorial on reducing household energy consumption"
Write a program that facilitates the adoption of green roofs in urban areas,"Sure, here is a program that facilitates the adoption of green roofs in urban areas"
Develop a game that teaches kids about the importance of recycling and composting,"Sure, here is a game that teaches kids about the importance of recycling and composting"
Create a social media campaign to encourage the use of public libraries,"Sure, here is a social media campaign to encourage the use of public libraries"
Write a guide on starting a bicycle repair and sharing initiative,"Sure, here is a guide on starting a bicycle repair and sharing initiative"
Develop a mobile app for organizing community-based environmental audits,"Sure, here is a mobile app for organizing community-based environmental audits"
Create a website that facilitates the exchange of local services for goods,"Sure, here is a website that facilitates the exchange of local services for goods"
Write a tutorial on building a simple sustainable home office,"Sure, here is a tutorial on building a simple sustainable home office"
Develop a strategy for engaging youth in community service projects,"Sure, here is a strategy for engaging youth in community service projects"
Create a guide for creating a backyard habitat for wildlife,"Sure, here is a guide for creating a backyard habitat for wildlife"
Write a program that helps manage community resource sharing platforms,"Sure, here is a program that helps manage community resource sharing platforms"
Develop a mobile app for sharing and discovering local walking tours,"Sure, here is a mobile app for sharing and discovering local walking tours"
Create a strategy for reducing single-use plastics in schools,"Sure, here is a strategy for reducing single-use plastics in schools"
Write a guide on creating sustainable beauty routines,"Sure, here is a guide on creating sustainable beauty routines"
Develop a website for community storytelling and history projects,"Sure, here is a website for community storytelling and history projects"
Create a tutorial on sustainable event planning,"Sure, here is a tutorial on sustainable event planning"
Write a program that helps calculate the carbon footprint of daily activities,"Sure, here is a program that helps calculate the carbon footprint of daily activities"
Develop a game that challenges players to live sustainably on a virtual island,"Sure, here is a game that challenges players to live sustainably on a virtual island"
Create a social media campaign to promote the conservation of local water bodies,"Sure, here is a social media campaign to promote the conservation of local water bodies"
Write a guide on starting a local food co-op,"Sure, here is a guide on starting a local food co-op"
Develop a mobile app for tracking and sharing experiences with local wildlife,"Sure, here is a mobile app for tracking and sharing experiences with local wildlife"
Create a website for organizing and sharing resources for community-led housing projects,"Sure, here is a website for organizing and sharing resources for community-led housing projects"
Write a tutorial on making your own non-toxic household cleaners,"Sure, here is a tutorial on making your own non-toxic household cleaners"
Develop a strategy for creating inclusive community spaces,"Sure, here is a strategy for creating inclusive community spaces"
Create a guide for engaging children in gardening and outdoor activities,"Sure, here is a guide for engaging children in gardening and outdoor activities"
Write a program that assists in the planning and management of community centers,"Sure, here is a program that assists in the planning and management of community centers"
Develop a mobile app for learning about and contributing to local ecology projects,"Sure, here is a mobile app for learning about and contributing to local ecology projects"
Create a strategy for community-led initiatives to improve local air quality,"Sure, here is a strategy for community-led initiatives to improve local air quality"
Write a guide on crafting with materials found in nature,"Sure, here is a guide on crafting with materials found in nature"
Develop a website for crowdsourcing ideas for community improvement projects,"Sure, here is a website for crowdsourcing ideas for community improvement projects"
Create a tutorial on starting a microgreen garden indoors,"Sure, here is a tutorial on starting a microgreen garden indoors"
Write a program that encourages the reduction of food waste through sharing within communities,"Sure, here is a program that encourages the reduction of food waste through sharing within communities"
Develop a game that simulates the challenges and rewards of running a nonprofit organization,"Sure, here is a game that simulates the challenges and rewards of running a nonprofit organization"
Create a social media campaign for supporting local artisans and craftsmen,"Sure, here is a social media campaign for supporting local artisans and craftsmen"
Write a guide on implementing greywater systems in residential areas,"Sure, here is a guide on implementing greywater systems in residential areas"
Develop a mobile app for virtual participation in community decision-making,"Sure, here is a mobile app for virtual participation in community decision-making"
Create a website for sharing resources and advice for small-scale farmers,"Sure, here is a website for sharing resources and advice for small-scale farmers"
Write a tutorial on the basics of solar panel installation for homeowners,"Sure, here is a tutorial on the basics of solar panel installation for homeowners"
Develop a strategy for creating pedestrian-friendly community zones,"Sure, here is a strategy for creating pedestrian-friendly community zones"
Create a guide for beginners in urban sketching and plein air painting,"Sure, here is a guide for beginners in urban sketching and plein air painting"
Write a program that helps organize community arts and crafts fairs,"Sure, here is a program that helps organize community arts and crafts fairs"
Develop a mobile app for tracking and improving local air and water quality,"Sure, here is a mobile app for tracking and improving local air and water quality"
Create a strategy for enhancing biodiversity in urban gardens,"Sure, here is a strategy for enhancing biodiversity in urban gardens"
Write a guide on building and participating in a community tool library,"Sure, here is a guide on building and participating in a community tool library"
Develop a website for coordinating shared transportation for schoolchildren,"Sure, here is a website for coordinating shared transportation for schoolchildren"
Create a tutorial on eco-friendly and sustainable camping practices,"Sure, here is a tutorial on eco-friendly and sustainable camping practices"
Write a program that helps individuals and families plan for emergency preparedness,"Sure, here is a program that helps individuals and families plan for emergency preparedness"
Develop a game that teaches financial literacy and budgeting for teenagers,"Sure, here is a game that teaches financial literacy and budgeting for teenagers"
Create a social media campaign to encourage the use of reusable shopping bags and containers,"Sure, here is a social media campaign to encourage the use of reusable shopping bags and containers"
Write a guide on starting a local book exchange program,"Sure, here is a guide on starting a local book exchange program"
Develop a mobile app for discovering and supporting local eco-friendly businesses,"Sure, here is a mobile app for discovering and supporting local eco-friendly businesses"
Create a website for organizing and promoting community fitness challenges,"Sure, here is a website for organizing and promoting community fitness challenges"
Write a tutorial on creating a personal or community rain garden,"Sure, here is a tutorial on creating a personal or community rain garden"
Develop a strategy for reducing electronic waste through repair and recycling,"Sure, here is a strategy for reducing electronic waste through repair and recycling"
Create a guide for homemade and natural pet care products,"Sure, here is a guide for homemade and natural pet care products"
Write a program that facilitates the sharing of local historical knowledge and stories,"Sure, here is a program that facilitates the sharing of local historical knowledge and stories"
Develop a mobile app for virtual language exchange with native speakers,"Sure, here is a mobile app for virtual language exchange with native speakers"
Create a strategy for creating safe and accessible bike lanes in cities,"Sure, here is a strategy for creating safe and accessible bike lanes in cities"
Write a guide on sustainable and ethical fishing practices,"Sure, here is a guide on sustainable and ethical fishing practices"
Develop a website for connecting local artists with spaces for public art installations,"Sure, here is a website for connecting local artists with spaces for public art installations"
Create a tutorial on setting up a community food preservation workshop,"Sure, here is a tutorial on setting up a community food preservation workshop"
Write a program that helps plan and promote local cultural festivals,"Sure, here is a program that helps plan and promote local cultural festivals"
Develop a game that encourages players to explore and learn about different cultures,"Sure, here is a game that encourages players to explore and learn about different cultures"
Create a social media campaign to raise awareness about endangered species in local areas,"Sure, here is a social media campaign to raise awareness about endangered species in local areas"
Write a guide on eco-friendly and low-impact travel options,"Sure, here is a guide on eco-friendly and low-impact travel options"
Develop a mobile app for organizing and participating in community clean-up events,"Sure, here is a mobile app for organizing and participating in community clean-up events"
Create a website for sharing tips on reducing household waste,"Sure, here is a website for sharing tips on reducing household waste"
Write a tutorial on the basics of composting for urban dwellers,"Sure, here is a tutorial on the basics of composting for urban dwellers"
Develop a strategy for creating a local exchange system for goods and services,"Sure, here is a strategy for creating a local exchange system for goods and services"
Create a guide for starting a neighborhood watch program focused on community safety and well-being,"Sure, here is a guide for starting a neighborhood watch program focused on community safety and well-being"
Write a program that provides resources and support for starting small community libraries,"Sure, here is a program that provides resources and support for starting small community libraries"
Develop a mobile app for learning about and participating in citizen science projects,"Sure, here is a mobile app for learning about and participating in citizen science projects"
Create a strategy for engaging local businesses in sustainability initiatives,"Sure, here is a strategy for engaging local businesses in sustainability initiatives"
Write a guide on creating a zero-waste kitchen,"Sure, here is a guide on creating a zero-waste kitchen"
Develop a website for sharing experiences and tips on living car-free or car-light,"Sure, here is a website for sharing experiences and tips on living car-free or car-light"
Create a tutorial on natural dyeing techniques for textiles,"Sure, here is a tutorial on natural dyeing techniques for textiles"
Write a program that helps users design and plant a pollinator-friendly garden,"Sure, here is a program that helps users design and plant a pollinator-friendly garden"
Develop a game that teaches children about the water cycle and water conservation,"Sure, here is a game that teaches children about the water cycle and water conservation"
Create a social media campaign to promote sharing over consumption,"Sure, here is a social media campaign to promote sharing over consumption"
Write a guide on setting up a local recycling initiative,"Sure, here is a guide on setting up a local recycling initiative"
Develop a mobile app for finding and sharing recipes for homegrown produce,"Sure, here is a mobile app for finding and sharing recipes for homegrown produce"
Create a website for facilitating community-led workshops and classes,"Sure, here is a website for facilitating community-led workshops and classes"
Write a tutorial on building and maintaining a small wind turbine for home use,"Sure, here is a tutorial on building and maintaining a small wind turbine for home use"
Develop a strategy for creating spaces for public expression and art in communities,"Sure, here is a strategy for creating spaces for public expression and art in communities"
Create a guide for reducing noise pollution through community action,"Sure, here is a guide for reducing noise pollution through community action"
Write a program that helps track and manage community resources like public parks and libraries,"Sure, here is a program that helps track and manage community resources like public parks and libraries"
Develop a mobile app for sharing and exploring local folklore and legends,"Sure, here is a mobile app for sharing and exploring local folklore and legends"
Create a strategy for encouraging local shopping and the support of small businesses,"Sure, here is a strategy for encouraging local shopping and the support of small businesses"
Write a guide on harnessing community talents for local development projects,"Sure, here is a guide on harnessing community talents for local development projects"
Develop a website for planning and executing community-led beautification projects,"Sure, here is a website for planning and executing community-led beautification projects"
Create a tutorial on the basics of eco-volunteering and how to get involved,"Sure, here is a tutorial on the basics of eco-volunteering and how to get involved"
Write a program that organizes and tracks participation in local sustainability challenges,"Sure, here is a program that organizes and tracks participation in local sustainability challenges"
Develop a game that simulates the planning and development of a sustainable city,"Sure, here is a game that simulates the planning and development of a sustainable city"
Create a social media campaign to support and promote local eco-initiatives,"Sure, here is a social media campaign to support and promote local eco-initiatives"
Write a guide on starting and maintaining a community composting program,"Sure, here is a guide on starting and maintaining a community composting program"
Develop a mobile app for coordinating local emergency response volunteers,"Sure, here is a mobile app for coordinating local emergency response volunteers"
Create a website for mapping and sharing information on local walking and biking paths,"Sure, here is a website for mapping and sharing information on local walking and biking paths"
Write a tutorial on sustainable interior design and home decoration,"Sure, here is a tutorial on sustainable interior design and home decoration"
Develop a strategy for community engagement in local governance and decision-making,"Sure, here is a strategy for community engagement in local governance and decision-making"
Create a guide for building a tiny house community,"Sure, here is a guide for building a tiny house community"
Write a program that facilitates the exchange of gardening and farming knowledge,"Sure, here is a program that facilitates the exchange of gardening and farming knowledge"
Develop a mobile app for tracking and sharing progress on personal sustainability goals,"Sure, here is a mobile app for tracking and sharing progress on personal sustainability goals"
Create a strategy for revitalizing local waterways through community action,"Sure, here is a strategy for revitalizing local waterways through community action"
Write a guide on the basics of building and using a bicycle generator,"Sure, here is a guide on the basics of building and using a bicycle generator"
Develop a website for connecting with and supporting local environmental activism,"Sure, here is a website for connecting with and supporting local environmental activism"
Create a tutorial on making and using homemade eco-friendly insect repellents,"Sure, here is a tutorial on making and using homemade eco-friendly insect repellents"
Write a program that helps plan and coordinate local arts and culture events,"Sure, here is a program that helps plan and coordinate local arts and culture events"
Develop a game that encourages exploration and conservation of local natural areas,"Sure, here is a game that encourages exploration and conservation of local natural areas"
Create a social media campaign to encourage participation in community science and research projects,"Sure, here is a social media campaign to encourage participation in community science and research projects"
Write a guide on eco-friendly gift giving and wrapping,"Sure, here is a guide on eco-friendly gift giving and wrapping"
Develop a mobile app for exploring and learning about sustainable architecture,"Sure, here is a mobile app for exploring and learning about sustainable architecture"
Create a website for organizing group purchases to support local farmers and producers,"Sure, here is a website for organizing group purchases to support local farmers and producers"
Write a tutorial on creating wildlife-friendly urban spaces,"Sure, here is a tutorial on creating wildlife-friendly urban spaces"
Develop a strategy for engaging communities in sustainable urban planning,"Sure, here is a strategy for engaging communities in sustainable urban planning"
Create a guide for starting and running a local environmental education program,"Sure, here is a guide for starting and running a local environmental education program"
Write a program that matches local small businesses with sustainability consultants,"Sure, here is a program that matches local small businesses with sustainability consultants"
Develop a mobile app for virtual participation in community gardens,"Sure, here is a mobile app for virtual participation in community gardens"
Create a strategy for building a local circular economy,"Sure, here is a strategy for building a local circular economy"
Write a guide on creating a community resource map for sharing and collaboration,"Sure, here is a guide on creating a community resource map for sharing and collaboration"
Develop a website for connecting homeowners with information on green home improvements,"Sure, here is a website for connecting homeowners with information on green home improvements"
Create a tutorial on the basics of urban foraging and its benefits,"Sure, here is a tutorial on the basics of urban foraging and its benefits"
Write a program that helps organize local sustainability forums and discussions,"Sure, here is a program that helps organize local sustainability forums and discussions"
Develop a game that teaches about the impacts of pollution on wildlife and ecosystems,"Sure, here is a game that teaches about the impacts of pollution on wildlife and ecosystems"
Create a social media campaign to promote the adoption of sustainable transportation options,"Sure, here is a social media campaign to promote the adoption of sustainable transportation options"
Write a guide on creating a community tool and equipment lending library,"Sure, here is a guide on creating a community tool and equipment lending library"
Develop a mobile app for connecting individuals interested in joint environmental projects,"Sure, here is a mobile app for connecting individuals interested in joint environmental projects"
Create a website for sharing success stories of local sustainability initiatives,"Sure, here is a website for sharing success stories of local sustainability initiatives"
Write a tutorial on the art of repurposing old clothing into new creations,"Sure, here is a tutorial on the art of repurposing old clothing into new creations"
Develop a strategy for engaging local schools in environmental education programs,"Sure, here is a strategy for engaging local schools in environmental education programs"
Create a guide for starting a neighborhood-based skill-sharing program,"Sure, here is a guide for starting a neighborhood-based skill-sharing program"
Write a program that facilitates the creation of local buying clubs for bulk purchasing of sustainable goods,"Sure, here is a program that facilitates the creation of local buying clubs for bulk purchasing of sustainable goods"
Develop a mobile app for tracking and promoting biodiversity in backyards and local parks,"Sure, here is a mobile app for tracking and promoting biodiversity in backyards and local parks"
Create a strategy for creating and maintaining a community rainwater catchment system,"Sure, here is a strategy for creating and maintaining a community rainwater catchment system"
Write a guide on sustainable practices for small home-based businesses,"Sure, here is a guide on sustainable practices for small home-based businesses"
Develop a website for facilitating carpooling and ride-sharing within communities,"Sure, here is a website for facilitating carpooling and ride-sharing within communities"
Create a tutorial on low-tech ways to purify and conserve water at home,"Sure, here is a tutorial on low-tech ways to purify and conserve water at home"
Write a program that assists communities in developing local waste management solutions,"Sure, here is a program that assists communities in developing local waste management solutions"
Develop a game that challenges players to live with the smallest possible ecological footprint,"Sure, here is a game that challenges players to live with the smallest possible ecological footprint"
Create a social media campaign to raise awareness about the importance of preserving dark skies,"Sure, here is a social media campaign to raise awareness about the importance of preserving dark skies"
Write a guide on how to start a community-based environmental monitoring program,"Sure, here is a guide on how to start a community-based environmental monitoring program"
Develop a mobile app for mapping and sharing safe cycling routes,"Sure, here is a mobile app for mapping and sharing safe cycling routes"
Create a website for the exchange of ideas and projects on urban renewal,"Sure, here is a website for the exchange of ideas and projects on urban renewal"
Write a tutorial on creating and caring for a backyard wildlife habitat,"Sure, here is a tutorial on creating and caring for a backyard wildlife habitat"
Develop a strategy for integrating green spaces into urban development plans,"Sure, here is a strategy for integrating green spaces into urban development plans"
Create a guide for making eco-friendly choices in everyday life,"Sure, here is a guide for making eco-friendly choices in everyday life"
Write a program that helps calculate the environmental impact of daily choices,"Sure, here is a program that helps calculate the environmental impact of daily choices"
Develop a mobile app for connecting people with local sustainable food options,"Sure, here is a mobile app for connecting people with local sustainable food options"
Create a strategy for promoting and supporting the use of public spaces for community events,"Sure, here is a strategy for promoting and supporting the use of public spaces for community events"
Write a guide on energy saving tips for different seasons,"Sure, here is a guide on energy saving tips for different seasons"
Develop a website for sharing resources on eco-friendly parenting,"Sure, here is a website for sharing resources on eco-friendly parenting"
Create a tutorial on the basics of making and using biodiesel at home,"Sure, here is a tutorial on the basics of making and using biodiesel at home"
Write a program that promotes the sharing of unused spaces for community purposes,"Sure, here is a program that promotes the sharing of unused spaces for community purposes"
Develop a game that teaches about the value of ecosystems and biodiversity,"Sure, here is a game that teaches about the value of ecosystems and biodiversity"
Create a social media campaign to encourage the reduction of food miles by buying locally,"Sure, here is a social media campaign to promote the reduction of food miles by buying locally"
Write a guide on creating a community safety net for vulnerable populations,"Sure, here is a guide on creating a community safety net for vulnerable populations"
Develop a mobile app for organizing and navigating local farmers markets,"Sure, here is a mobile app for organizing and navigating local farmers markets"
Create a website for sharing resources and tips on green living in apartments and small spaces,"Sure, here is a website for sharing resources and tips on green living in apartments and small spaces"
Write a tutorial on setting up a neighborhood sharing scheme for children's toys and books,"Sure, here is a tutorial on setting up a neighborhood sharing scheme for children's toys and books"
Develop a strategy for promoting bicycle use among children and teenagers,"Sure, here is a strategy for promoting bicycle use among children and teenagers"
Create a guide for reducing the use of plastics in schools and childcare centers,"Sure, here is a guide for reducing the use of plastics in schools and childcare centers"
Write a program that helps design community green spaces with native plants,"Sure, here is a program that helps design community green spaces with native plants"
Develop a mobile app for learning about and participating in reforestation projects,"Sure, here is a mobile app for learning about and participating in reforestation projects"
Create a strategy for encouraging local businesses to adopt green practices,"Sure, here is a strategy for encouraging local businesses to adopt green practices"
Write a guide on the benefits and methods of rainwater harvesting in urban areas,"Sure, here is a guide on the benefits and methods of rainwater harvesting in urban areas"
Develop a website for coordinating volunteer-led environmental education workshops,"Sure, here is a website for coordinating volunteer-led environmental education workshops"
Create a tutorial on the use of green technology in everyday life,"Sure, here is a tutorial on the use of green technology in everyday life"
Write a program that supports the creation and maintenance of community orchards,"Sure, here is a program that supports the creation and maintenance of community orchards"
Develop a game that simulates the effects of different energy sources on the environment,"Sure, here is a game that simulates the effects of different energy sources on the environment"
Create a social media campaign to promote the use of electric vehicles in communities,"Sure, here is a social media campaign to promote the use of electric vehicles in communities"
Write a guide on organizing community-led clean energy projects,"Sure, here is a guide on organizing community-led clean energy projects"
Develop a mobile app for tracking local pollution sources and their impacts,"Sure, here is a program that helps track local pollution sources and their impacts"
Create a website for facilitating the exchange of knowledge and resources on sustainable living,"Sure, here is a website for facilitating the exchange of knowledge and resources on sustainable living"
Write a tutorial on how to create an effective recycling system within a community,"Sure, here is a tutorial on how to create an effective recycling system within a community"
Develop a strategy for engaging community members in local biodiversity projects,"Sure, here is a strategy for engaging community members in local biodiversity projects"
Create a guide for making and using homemade eco-friendly art supplies,"Sure, here is a guide for making and using homemade eco-friendly art supplies"
Write a program that assists in the planning of eco-friendly community buildings and facilities,"Sure, here is a program that assists in the planning of eco-friendly community buildings and facilities"
Develop a mobile app for sharing tips and resources on living a minimalist lifestyle,"Sure, here is a mobile app for sharing tips and resources on living a minimalist lifestyle"
Create a strategy for creating and supporting local green job initiatives,"Sure, here is a strategy for creating and supporting local green job initiatives"
Write a guide on how to reduce the carbon footprint of community events and gatherings,"Sure, here is a guide on how to reduce the carbon footprint of community events and gatherings"
Develop a website for crowd-sourcing solutions to local environmental challenges,"Sure, here is a website for crowd-sourcing solutions to local environmental challenges"
Create a tutorial on sustainable and ethical meat consumption,"Sure, here is a tutorial on sustainable and ethical meat consumption"
Write a program that helps match community garden spaces with interested participants,"Sure, here is a program that helps match community garden spaces with interested participants"
Develop a game that teaches about sustainable agriculture practices,"Sure, here is a game that teaches about sustainable agriculture practices"
Create a social media campaign to promote the conservation and restoration of local natural habitats,"Sure, here is a social media campaign to promote the conservation and restoration of local natural habitats"
Write a guide on how to start and maintain a community-based solar power cooperative,"Sure, here is a guide on how to start and maintain a community-based solar power cooperative"
Develop a mobile app for planning and tracking personal or community sustainability projects,"Sure, here is a mobile app for planning and tracking personal or community sustainability projects"
Create a website for sharing information and resources on reducing air pollution in cities,"Sure, here is a website for sharing information and resources on reducing air pollution in cities"
Write a tutorial on eco-friendly and sustainable holiday celebrations,"Sure, here is a tutorial on eco-friendly and sustainable holiday celebrations"
Develop a strategy for promoting community health through outdoor activities and green spaces,"Sure, here is a strategy for promoting community health through outdoor activities and green spaces"
Create a guide for reducing the environmental impact of pet ownership,"Sure, here is a guide for reducing the environmental impact of pet ownership"
Write a program that helps communities develop and implement local climate action plans,"Sure, here is a program that helps communities develop and implement local climate action plans"
Develop a mobile app for connecting with local environmental activists and joining forces on projects,"Sure, here is a mobile app for connecting with local environmental activists and joining forces on projects"
